Time(ms),EMG Signal
562,49
599,176
647,281
695,294
743,248
792,184
840,124
888,81
937,61
985,56
1033,39
1081,0
1130,33
1178,44
1226,52
1275,47
1323,38
1371,69
1419,119
1468,148
1516,152
1564,138
1613,118
1661,97
1709,79
1757,66
1806,53
1854,42
1902,34
1950,23
1999,9
2047,12
2095,7
2144,56
2192,86
2240,52
2288,15
2337,0
2385,9
2433,23
2481,5
2530,71
2578,65
2626,8
2675,15
2723,21
2771,23
2819,18
2868,34
2916,56
2964,36
3013,3
3061,17
3109,13
3157,3
3206,5
3254,9
3302,7
3350,1
3399,8
3447,21
3495,36
3544,44
3592,46
3628,45
3677,38
3725,23
3773,8
3822,4
3870,13
3918,19
3967,21
4015,20
4063,16
4112,10
4160,2
4208,6
4257,15
4305,22
4353,25
4402,25
4450,22
4498,18
4547,10
4595,1
4643,6
4692,12
4740,17
4788,19
4837,18
4885,13
4934,6
4982,1
5030,9
5079,16
5127,21
5175,23
5224,22
5272,19
5320,14
5369,7
5417,0
5465,6
5514,11
5562,15
5610,15
5659,13
5707,9
5755,3
5804,2
5852,8
5900,14
5949,18
5997,19
6045,17
6094,14
6142,10
6190,5
6239,0
6287,5
6335,10
6384,12
6432,12
6481,9
6529,6
6577,0
6626,5
6674,9
6722,13
6771,15
6819,15
6856,14
6904,12
6952,8
7001,4
7049,0
7097,4
7146,7
7194,8
7242,8
7291,6
7339,3
7387,0
7436,4
7484,7
7532,10
7581,11
7629,12
7677,11
7726,9
7774,6
7822,3
7871,0
7919,2
7967,3
8016,5
8064,4
8112,3
8161,0
8209,2
8257,3
8306,5
8354,7
8402,8
8451,8
8499,8
8547,7
8596,5
8644,4
8692,48
8741,77
8789,23
8837,145
8886,187
8934,118
8982,50
9031,195
9079,135
9127,55
9176,66
9224,72
9272,107
9320,90
9369,118
9417,33
9465,88
9514,43
9562,18
9610,52
9659,109
9707,29
9755,185
9804,144
9852,3
9900,96
9949,125
9997,115
10058,143
10106,216
10154,210
10203,134
10251,82
10299,10
10348,161
10396,205
10444,123
10493,36
10541,14
10589,21
10638,69
10686,122
10734,31
10783,13
10831,21
10879,126
10927,268
10976,219
11024,1
11072,193
11121,196
11169,85
11217,3
11266,29
11314,33
11362,24
11411,10
11459,0
11507,1
11555,48
11604,126
11652,101
11700,11
11749,43
11797,61
11845,56
11894,44
11942,48
11990,7
12039,98
12087,114
12135,14
12183,69
12232,98
12280,88
12328,107
12377,109
12425,10
12479,69
12527,51
12576,33
12624,76
12672,7
12721,73
12781,1
12830,59
12878,8
12926,55
12975,55
13023,11
13071,15
13119,20
13168,12
13216,2
13264,3
13312,6
13361,5
13409,1
13457,2
13506,6
13554,8
13602,8
13651,12
13699,14
13747,33
13795,60
13844,25
13892,1
13940,52
13989,51
14037,15
14085,53
14134,59
14182,43
14230,16
14278,7
14327,13
14375,1
14423,11
14472,16
14520,13
14568,9
14616,7
14665,8
14713,11
14761,15
14809,20
14858,13
14906,22
14954,60
15003,40
15051,12
15099,34
15147,10
15196,24
15244,61
15292,105
15341,101
15389,31
15437,34
15486,104
15534,175
15595,147
15643,57
15691,4
15739,30
15788,30
15836,21
15884,15
15933,16
15981,16
16029,15
16078,21
16126,30
16174,35
16223,35
16271,31
16319,23
16368,16
16416,11
16464,6
16513,0
16561,3
16609,6
16657,6
16706,5
16754,2
16802,2
16851,7
16899,11
16947,13
16996,15
17044,15
17092,14
17141,10
17189,6
17237,0
17286,4
17334,8
17382,10
17431,11
17479,11
17527,10
17575,6
17624,0
17672,3
17720,7
17769,10
17817,13
17865,13
17914,13
17962,9
18010,6
18059,3
18107,0
18155,6
18203,8
18252,8
18300,6
18348,5
18397,3
18445,0
18506,3
18554,8
18602,11
18651,12
18699,12
18747,11
18795,8
18844,6
18892,3
18940,0
18989,2
19037,4
19085,6
19133,5
19182,4
19230,2
19278,0
19327,3
19375,7
19423,10
19471,14
19520,13
19568,9
19616,5
19664,4
19713,2
19761,1
19809,0
19858,2
19906,3
19954,4
20002,3
20051,0
20099,2
20147,4
20196,7
20244,8
20292,8
20340,8
20389,7
20437,6
20485,5
20534,2
20582,0
20630,2
20678,2
20727,1
20775,1
20823,1
20871,2
20920,0
20968,3
21016,6
21065,11
21113,15
21161,14
21209,10
21258,7
21306,3
21354,1
21403,1
21451,0
21499,2
21560,1
21608,0
21656,0
21704,0
21752,0
21801,1
21849,0
21897,1
21945,1
21993,1
22042,3
22090,6
22138,4
22186,1
22234,3
22283,1
22331,5
22379,2
22427,2
22475,2
22524,0
22572,4
22620,5
22668,1
22716,1
22765,3
22813,13
22861,16
22909,13
22958,8
23006,5
23054,3
23102,4
23150,6
23199,4
23247,1
23295,4
23343,4
23391,4
23440,3
23488,1
23536,1
23584,0
23632,5
23681,4
23729,5
23777,8
23825,6
23873,3
23922,5
23970,8
24018,3
24066,2
24115,0
24163,2
24211,0
24259,2
24307,8
24356,10
24404,7
24452,3
24500,1
24548,1
24609,1
24657,4
24706,6
24754,7
24802,11
24850,10
24899,6
24947,0
24995,0
25044,0
25092,0
25140,0
25188,0
25237,1
25285,2
25333,4
25381,7
25430,9
25478,6
25526,1
25574,3
25623,7
25671,7
25719,1
25767,1
25816,2
25864,3
25912,5
25961,5
26009,1
26057,0
26105,2
26154,4
26202,6
26250,7
26298,6
26347,7
26395,8
26443,8
26491,1
26540,7
26588,7
26636,0
26684,2
26733,2
26781,0
26829,1
26878,1
26926,2
26974,2
27022,4
27071,10
27119,14
27167,14
27215,9
27264,4
27312,1
27360,1
27408,0
27457,5
27505,11
27553,9
27601,2
27662,5
27710,9
27759,9
27807,9
27855,10
27904,11
27952,11
28001,9
28049,7
28097,6
28145,6
28194,4
28242,2
28290,0
28339,4
28387,7
28435,5
28484,1
28532,6
28580,6
28629,4
28677,2
28726,2
28774,4
28822,7
28871,8
28919,3
28967,1
29016,0
29064,0
29112,2
29161,4
29209,6
29257,5
29306,1
29354,9
29402,12
29451,8
29499,2
29547,1
29596,4
29644,5
29692,7
29741,7
29789,5
29837,3
29886,1
29934,0
29982,0
30031,5
30079,4
30127,0
30176,3
30224,6
30272,6
30321,6
30369,7
30417,8
30466,8
30514,10
30562,5
30611,0
30659,3
30708,3
30768,3
30817,3
30865,1
30913,1
30962,0
31010,1
31058,0
31107,5
31155,4
31203,1
31252,0
31300,4
31348,7
31397,6
31445,3
31493,2
31542,1
31590,2
31638,4
31687,6
31735,8
31783,11
31832,12
31880,8
31928,4
31977,2
32025,1
32073,0
32122,0
32170,0
32218,0
32267,1
32315,1
32363,0
32412,1
32460,1
32508,1
32557,0
32605,1
32653,0
32702,1
32750,1
32798,3
32847,2
32895,2
32943,1
32992,1
33040,4
33088,4
33137,4
33185,3
33233,3
33282,2
33330,1
33378,0
33427,1
33475,1
33523,2
33572,3
33620,4
33668,3
33717,4
33765,4
33813,4
33850,4
33898,3
33947,3
34001,3
34049,3
34097,3
34146,2
34194,2
34242,2
34291,2
34339,1
34387,0
34436,1
34484,3
34532,4
34581,4
34629,3
34677,4
34725,4
34774,4
34822,4
34871,3
34919,3
34967,1
35015,0
35064,0
35112,1
35160,1
35209,2
35257,2
35305,2
35354,2
35402,3
35450,3
35499,4
35547,4
35595,4
35643,3
35692,3
35740,2
35788,1
35837,0
35885,2
35933,2
35982,1
36030,1
36078,1
36127,3
36175,4
36223,4
36272,4
36320,4
36368,4
36417,2
36465,3
36513,3
36562,3
36610,2
36658,1
36707,1
36755,1
36803,2
36851,2
36900,2
36936,2
36985,2
37033,2
37081,2
37130,3
37178,4
37226,4
37275,4
37323,3
37371,3
37420,2
37468,1
37516,0
37565,1
37613,1
37661,2
37710,2
37758,2
37806,2
37855,3
37903,5
37951,5
38000,4
38048,4
38096,3
38145,3
38193,2
38241,1
38290,1
38338,0
38386,1
38435,1
38483,2
38531,2
38580,3
38628,3
38676,4
38724,4
38773,4
38821,3
38869,3
38918,3
38966,3
39014,2
39063,2
39111,1
39159,0
39208,1
39256,1
39304,2
39353,2
39401,2
39449,2
39498,2
39546,3
39594,3
39643,3
39691,4
39739,4
39788,3
39836,2
39884,2
39933,2
39981,2
40018,2
40066,2
40114,2
40163,2
40211,2
40259,2
40308,3
40356,3
40404,3
40453,3
40501,4
40549,3
40598,3
40646,2
40694,2
40743,2
40791,2
40839,1
40888,2
40936,3
40984,3
41033,3
41081,2
41129,2
41177,2
41226,3
41274,3
41322,2
41371,2
41419,2
41467,2
41516,2
41564,3
41612,3
41661,3
41709,2
41757,2
41806,3
41854,3
41902,3
41951,4
41999,3
42047,2
42096,2
42144,2
42192,3
42241,3
42289,2
42337,2
42385,2
42434,2
42482,2
42530,1
42579,0
42627,1
42675,2
42724,2
42772,2
42820,3
42869,4
42917,3
42965,3
43014,2
43062,2
43099,2
43147,2
43195,2
43244,2
43292,2
43341,1
43389,2
43437,2
43486,2
43534,3
43582,3
43631,3
43679,3
43727,4
43776,4
43824,4
43872,3
43921,2
43969,2
44017,2
44066,2
44114,3
44162,3
44211,2
44259,2
44307,2
44356,1
44404,1
44452,2
44501,2
44549,2
44597,3
44646,3
44694,2
44743,2
44791,2
44839,1
44888,2
44936,2
44984,3
45033,3
45081,2
45130,2
45178,2
45226,2
45275,2
45323,3
45371,3
45420,3
45468,4
45516,3
45565,2
45613,3
45662,2
45710,1
45758,1
45807,2
45855,2
45903,2
45952,2
46000,2
46048,2
46097,2
46145,2
46182,2
46230,2
46278,2
46326,2
46375,2
46423,3
46471,3
46519,2
46568,2
46616,2
46664,2
46712,2
46761,2
46809,2
46857,2
46905,2
46954,2
47002,2
47050,2
47099,2
47147,3
47195,3
47243,2
47292,2
47340,2
47388,2
47437,2
47485,2
47533,2
47582,1
47630,3
47678,3
47726,3
47775,3
47823,3
47871,3
47919,3
47968,3
48016,2
48064,2
48113,2
48161,3
48209,2
48258,2
48306,3
48354,2
48402,2
48451,3
48499,2
48547,2
48596,2
48644,2
48692,2
48740,2
48789,3
48837,3
48885,3
48933,2
48982,3
49030,3
49078,3
49126,3
49175,2
49223,2
49260,2
49308,2
49356,2
49404,2
49452,2
49501,2
49549,2
49597,3
49645,4
49693,3
49742,2
49790,2
49838,2
49886,2
49934,2
49983,3
50031,2
50079,2
50127,2
50175,2
50223,2
50272,3
50320,4
50368,4
50416,3
50465,2
50513,1
50561,2
50609,1
50657,1
50705,1
50754,3
50802,3
50850,3
50898,3
50946,3
50994,2
51043,2
51091,2
51139,3
51187,3
51235,3
51284,3
51332,3
51380,3
51428,3
51476,2
51525,2
51573,2
51621,2
51669,2
51717,3
51766,4
51814,4
51862,3
51910,2
51958,1
52007,1
52055,2
52103,2
52151,3
52199,3
52248,3
52296,3
52332,3
52381,3
52429,3
52477,2
52526,2
52574,2
52622,2
52670,2
52719,2
52767,2
52815,3
52863,3
52912,3
52960,3
53008,3
53057,2
53105,2
53153,2
53201,2
53250,2
53298,1
53346,2
53395,2
53443,3
53491,3
53539,3
53588,3
53636,3
53684,3
53733,3
53781,4
53829,3
53877,3
53926,2
53974,1
54022,1
54071,2
54119,3
54167,3
54215,2
54264,3
54312,3
54360,4
54409,3
54457,3
54505,2
54553,2
54602,2
54650,1
54698,2
54747,2
54795,2
54843,3
54891,3
54940,2
54988,2
55036,2
55085,2
55133,3
55181,3
55229,3
55278,3
55326,3
55374,3
55411,3
55459,2
55513,1
55562,1
55610,0
55658,2
55707,2
55755,3
55803,3
55852,3
55900,2
55948,2
55996,2
56045,2
56093,3
56141,3
56190,3
56238,3
56286,3
56335,3
56383,2
56431,2
56479,2
56528,2
56576,3
56624,3
56673,4
56721,4
56769,3
56818,2
56866,2
56914,1
56962,1
57011,3
57059,3
57107,2
57156,2
57204,2
57252,2
57301,2
57349,2
57397,2
57446,2
57494,2
57542,2
57591,3
57639,3
57687,2
57735,2
57784,2
57832,1
57880,2
57929,3
57977,3
58025,3
58073,3
58122,3
58170,3
58218,3
58267,2
58315,2
58363,2
58412,2
58460,2
58496,2
58545,2
58593,2
58641,2
58690,2
58738,2
58786,2
58835,2
58883,2
58931,2
58980,2
59028,2
59076,2
59125,2
59173,2
59221,3
59269,3
59318,3
59366,3
59414,3
59463,3
59511,3
59559,3
59607,3
59656,3
59704,3
59752,2
59801,1
59849,1
59897,2
59945,3
59994,3
60042,3
60090,2
60139,2
60187,3
60235,3
60283,3
60332,3
60380,2
60428,2
60477,2
60525,1
60573,1
60622,1
60670,2
60718,2
60766,3
60815,3
60863,3
60911,2
60960,2
61008,3
61056,2
61104,3
61153,3
61201,3
61249,3
61298,3
61346,3
61394,4
61443,3
61491,2
61539,2
61576,3
61624,2
61672,2
61721,1
61769,2
61817,2
61865,3
61914,3
61962,3
62010,3
62059,3
62107,2
62155,2
62203,2
62252,2
62300,2
62348,2
62397,2
62445,2
62493,2
62542,2
62590,3
62638,3
62686,2
62735,2
62783,2
62831,2
62880,3
62928,3
62976,3
63025,3
63073,2
63121,2
63170,2
63218,2
63266,2
63315,2
63363,2
63411,2
63459,2
63508,3
63556,3
63604,3
63653,2
63701,2
63749,2
63798,3
63846,3
63894,3
63942,3
63991,2
64039,2
64087,2
64136,2
64184,3
64232,3
64280,2
64329,3
64377,3
64425,3
64474,2
64522,2
64570,2
64619,2
64655,1
64703,1
64752,2
64800,4
64848,3
64897,3
64945,2
64993,2
65041,2
65090,3
65138,3
65186,3
65235,3
65283,3
65331,3
65380,2
65428,2
65476,2
65525,3
65573,3
65621,3
65669,3
65718,2
65766,2
65814,2
65863,3
65911,3
65959,3
66007,3
66056,3
66104,2
66152,1
66201,2
66249,2
66297,2
66345,2
66394,2
66442,1
66490,3
66539,3
66587,3
66635,4
66683,3
66732,3
66780,3
66828,3
66877,2
66925,2
66973,1
67021,1
67070,2
67118,2
67166,3
67215,3
67263,2
67311,2
67360,1
67408,2
67456,3
67505,3
67553,3
67601,4
67649,3
67698,3
67734,2
67783,2
67831,2
67879,3
67927,3
67976,3
68024,3
68072,3
68121,2
68169,2
68217,3
68265,3
68314,3
68362,3
68410,2
68459,3
68507,3
68555,2
68603,2
68652,2
68700,2
68748,2
68797,3
68845,3
68893,2
68941,2
68990,2
69038,2
69086,2
69135,3
69183,3
69231,3
69280,3
69328,2
69376,2
69424,3
69473,3
69521,3
69569,2
69618,2
69666,2
69714,2
69763,2
69811,3
69859,3
69907,3
69956,3
70004,3
70052,3
70101,3
70149,2
70197,1
70246,2
70294,2
70342,2
70390,2
70439,3
70487,4
70535,4
70583,3
70632,2
70680,2
70728,2
70776,2
70813,2
70861,2
70909,2
70957,2
71006,2
71054,3
71102,3
71150,2
71198,2
71247,2
71295,2
71343,3
71391,3
71439,3
71487,3
71536,2
71584,2
71632,2
71680,1
71728,2
71777,2
71825,3
71873,3
71921,2
71969,2
72018,2
72066,3
72114,3
72162,3
72210,2
72259,3
72307,3
72355,3
72403,3
72451,3
72500,2
72548,1
72596,1
72644,1
72692,2
72741,2
72789,3
72837,3
72885,3
72933,3
72981,4
73030,3
73078,3
73126,2
73174,2
73222,2
73271,2
73319,2
73367,3
73415,3
73463,3
73512,3
73560,2
73608,2
73656,2
73704,3
73753,3
73801,2
73849,2
73885,2
73934,2
73982,2
74030,2
74078,2
74127,2
74175,3
74223,3
74272,3
74320,2
74368,2
74416,2
74465,2
74513,2
74561,3
74609,2
74658,2
74706,1
74754,1
74802,3
74851,3
74899,3
74947,4
74995,3
75044,3
75092,3
75140,3
75188,2
75237,2
75285,2
75333,2
75381,3
75430,3
75478,3
75526,2
75574,1
75623,2
75671,2
75719,2
75767,3
75816,3
75864,4
75912,3
75961,3
76009,3
76057,2
76105,2
76154,2
76202,2
76250,2
76298,2
76347,3
76395,3
76443,2
76491,2
76540,3
76588,3
76636,2
76684,2
76733,2
76781,2
76829,3
76878,3
76926,3
76962,3
77011,2
77065,2
77113,2
77162,2
77210,3
77258,2
77307,2
77355,1
77403,2
77452,2
77500,2
77548,2
77597,2
77645,3
77693,3
77742,3
77790,2
77838,2
77887,3
77935,3
77983,3
78032,3
78080,3
78128,3
78177,3
78225,2
78273,3
78322,3
78370,3
78418,3
78467,3
78515,3
78563,3
78612,3
78660,2
78708,2
78757,3
78805,3
78853,3
78901,2
78950,2
78998,2
79046,2
79095,3
79143,3
79191,2
79240,2
79288,1
79337,1
79385,1
79433,2
79481,3
79530,4
79578,3
79626,4
79675,3
79723,3
79772,3
79820,2
79868,2
79917,2
79965,2
80013,2
80050,2
80098,2
80147,2
80195,2
80243,2
80292,2
80340,3
80388,2
80437,2
80485,1
80533,0
80582,0
80630,2
80678,5
80727,5
80775,4
80823,3
80872,3
80920,4
80968,3
81017,0
81065,5
81113,3
81162,3
81210,7
81259,6
81307,5
81355,4
81404,3
81452,5
81500,9
81549,10
81597,6
81645,0
81694,5
81742,4
81790,2
81839,5
81887,1
81936,2
81984,2
82032,4
82080,6
82129,0
82177,6
82226,7
82274,5
82322,6
82371,8
82419,8
82467,5
82516,3
82564,3
82612,4
82661,7
82709,5
82757,1
82806,1
82854,4
82902,5
82951,5
82999,3
83048,0
83108,0
83157,0
83205,0
83253,1
83302,5
83350,8
83398,7
83447,5
83495,3
83544,2
83592,4
83640,3
83689,0
83737,1
83785,0
83834,1
83882,4
83931,4
83979,4
84027,3
84076,1
84124,1
84172,3
84221,6
84269,6
84317,5
84366,2
84414,1
84463,0
84511,0
84559,1
84608,0
84656,0
84705,1
84753,1
84801,2
84850,1
84898,1
84946,2
84995,4
85043,3
85092,0
85140,2
85188,3
85237,1
85285,8
85333,9
85382,1
85430,4
85479,0
85527,4
85575,4
85624,1
85672,2
85720,3
85769,4
85817,2
85865,2
85914,7
85962,11
86010,10
86059,4
86107,1
86155,0
86216,5
86265,8
86313,6
86361,3
86410,5
86458,2
86506,0
86555,0
86603,1
86652,4
86700,4
86748,4
86797,4
86845,4
86893,3
86942,4
86990,0
87038,8
87087,8
87135,3
87183,4
87232,4
87280,1
87328,4
87377,4
87425,5
87474,6
87522,8
87570,9
87619,7
87667,6
87715,4
87764,3
87812,4
87860,7
87909,9
87957,8
88006,8
88054,9
88102,6
88151,1
88199,4
88247,5
88296,7
88344,8
88392,3
88441,0
88489,1
88537,6
88586,11
88634,9
88683,0
88731,2
88779,0
88828,1
88876,1
88924,1
88973,0
89021,1
89069,0
89118,1
89166,4
89214,7
89263,7
89324,7
89372,6
89420,5
89469,0
89517,0
89565,1
89614,2
89662,1
89710,2
89759,3
89807,6
89855,8
89904,8
89952,5
90000,2
90049,2
90097,2
90146,0
90194,1
90242,1
90291,1
90339,3
90387,5
90436,4
90484,3
90532,1
90581,5
90629,2
90677,2
90726,4
90774,3
90822,3
90871,4
90919,3
90967,5
91016,7
91064,7
91113,4
91161,4
91209,4
91257,5
91306,4
91354,2
91402,2
91451,3
91499,4
91547,5
91596,4
91644,3
91692,2
91741,1
91789,0
91837,0
91886,0
91934,1
91982,3
92031,5
92079,4
92127,1
92176,0
92224,0
92273,0
92321,1
92369,2
92430,2
92478,2
92527,2
92575,2
92624,2
92672,2
92720,2
92769,1
92817,2
92865,2
92914,3
92962,3
93010,3
93059,4
93107,3
93155,2
93204,2
93252,2
93300,2
93349,2
93397,2
93445,2
93494,2
93542,2
93590,2
93639,2
93687,2
93735,3
93784,4
93832,3
93881,3
93929,2
93977,3
94026,3
94074,3
94122,2
94171,2
94219,2
94267,1
94316,1
94364,2
94412,3
94461,3
94509,3
94557,3
94606,2
94654,2
94703,2
94751,3
94799,3
94848,3
94896,2
94944,1
94993,1
95041,1
95089,2
95138,2
95186,3
95234,3
95283,3
95331,3
95379,3
95428,3
95476,3
95537,3
95585,4
95633,3
95682,2
95730,2
95778,2
95827,2
95875,3
95923,3
95971,3
96020,2
96068,2
96116,2
96165,2
96213,2
96261,3
96309,3
96358,3
96406,3
96454,2
96503,2
96551,1
96599,2
96648,2
96696,2
96744,2
96792,2
96841,2
96889,2
96937,3
96986,3
97034,3
97082,3
97130,3
97179,2
97227,2
97275,2
97324,2
97372,2
97420,2
97468,2
97517,2
97565,2
97613,3
97662,3
97710,2
97758,2
97806,3
97855,3
97903,4
97951,4
98000,2
98048,2
98096,1
98144,2
98193,2
98241,2
98289,2
98338,2
98386,2
98434,2
98482,3
98531,3
98579,3
98646,3
98694,3
98742,3
98790,3
98839,2
98887,2
98935,2
98983,2
99031,3
99080,2
99128,1
99176,1
99224,3
99272,3
99321,3
99369,3
99417,3
99465,3
99514,3
99562,3
99610,3
99658,2
99707,2
99755,1
99803,1
99851,1
99900,2
99948,3
99996,3
100044,3
100092,3
100141,3
100189,4
100237,3
100285,2
100334,2
100382,2
100430,2
100478,2
100527,2
100575,2
100623,3
100671,3
100720,3
100768,3
100816,2
100864,2
100913,2
100961,2
101009,2
101057,2
101105,2
101154,2
101202,2
101250,2
101298,2
101347,3
101395,3
101443,3
101491,3
101552,3
101600,2
101648,2
101697,2
101745,2
101793,3
101842,3
101890,3
101938,3
101986,2
102035,2
102083,2
102131,2
102180,3
102228,3
102276,2
102325,1
102373,1
102421,2
102469,2
102518,3
102566,3
102614,3
102663,3
102711,2
102759,2
102807,2
102856,2
102904,2
102952,3
103001,3
103049,3
103097,3
103145,2
103194,2
103242,2
103290,2
103338,3
103387,3
103435,4
103483,3
103532,2
103580,2
103628,2
103677,1
103725,1
103773,1
103821,2
103870,2
103918,3
103966,4
104014,4
104063,3
104111,3
104159,3
104207,3
104256,2
104316,2
104365,2
104413,1
104461,2
104509,3
104558,3
104606,3
104654,4
104703,3
104751,2
104799,3
104847,3
104896,3
104944,2
104992,2
105040,2
105089,2
105137,2
105185,2
105233,2
105282,2
105330,2
105378,2
105426,2
105475,2
105523,2
105571,3
105620,3
105668,3
105716,2
105764,2
105813,2
105861,2
105909,2
105958,2
106006,2
106054,2
106102,3
106151,3
106199,3
106247,2
106296,2
106344,2
106392,2
106440,2
106489,3
106537,3
106585,3
106634,2
106682,2
106730,2
106778,2
106827,2
106875,3
106923,3
106972,2
107020,2
107081,2
107129,2
107177,1
107225,2
107274,2
107322,2
107370,2
107418,2
107467,2
107515,3
107563,3
107611,3
107660,3
107708,2
107756,2
107804,3
107853,3
107901,4
107949,3
107998,3
108046,3
108094,3
108142,2
108191,2
108239,2
108287,2
108335,2
108384,2
108432,2
108480,2
108529,2
108577,2
108625,2
108673,2
108722,3
108770,3
108818,3
108867,3
108915,3
108963,3
109011,3
109060,2
109108,2
109156,2
109204,2
109253,2
109301,2
109349,2
109397,2
109446,2
109494,2
109542,2
109591,1
109639,2
109687,2
109736,3
109784,4
109845,3
109893,3
109941,3
109989,3
110038,3
110086,3
110134,3
110183,3
110231,3
110279,3
110327,3
110376,2
110424,2
110472,2
110521,2
110569,2
110617,2
110665,2
110714,2
110762,2
110810,2
110859,2
110907,2
110955,2
111004,2
111052,2
111100,2
111148,1
111197,2
111245,2
111293,3
111342,3
111390,3
111438,3
111486,4
111535,3
111583,3
111631,3
111680,3
111728,3
111776,3
111825,2
111873,2
111921,2
111970,2
112018,2
112066,2
112115,2
112163,2
112211,2
112260,2
112308,2
112356,2
112405,2
112453,2
112501,2
112550,2
112610,3
112659,3
112707,2
112755,2
112804,2
112852,2
112900,2
112948,2
112997,3
113045,2
113093,2
113142,3
113190,3
113238,3
113286,3
113335,2
113383,2
113431,2
113480,2
113528,2
113576,2
113624,2
113673,2
113721,3
113769,3
113818,3
113866,3
113914,2
113962,2
114011,2
114059,2
114107,3
114156,3
114204,3
114252,2
114301,2
114349,3
114397,3
114445,3
114494,2
114542,2
114590,2
114639,2
114687,2
114735,2
114783,2
114832,2
114880,3
114928,3
114976,3
115025,3
115073,3
115121,3
115169,3
115218,3
115266,2
115314,2
115375,1
115423,1
115472,1
115520,1
115568,1
115616,3
115665,3
115713,2
115761,2
115810,3
115858,3
115906,4
115954,3
116003,3
116051,3
116099,2
116148,2
116196,2
116244,2
116292,2
116341,2
116389,2
116437,2
116486,2
116534,2
116582,2
116630,2
116679,2
116727,2
116775,2
116824,3
116872,3
116920,3
116968,3
117017,3
117065,2
117113,1
117162,2
117210,2
117258,2
117306,3
117355,2
117403,2
117451,2
117500,2
117548,2
117596,2
117644,3
117693,3
117741,3
117789,3
117837,2
117886,2
117934,2
117982,1
118031,1
118079,2
118115,3
118164,4
118212,2
118260,2
118308,2
118356,3
118405,3
118453,3
118501,2
118549,2
118597,3
118646,3
118694,2
118742,2
118790,3
118839,2
118887,2
118935,3
118983,3
119032,3
119080,2
119128,2
119176,2
119224,2
119273,2
119321,2
119369,2
119417,3
119465,2
119514,2
119562,2
119610,1
119658,2
119707,3
119755,3
119803,3
119851,3
119899,4
119948,3
119996,3
120044,2
120092,2
120146,2
120195,3
120243,2
120291,2
120339,3
120387,2
120436,2
120484,2
120532,2
120580,3
120629,2
120677,2
120725,2
120773,2
120834,2
120882,1
120930,2
120979,2
121027,3
121075,3
121123,3
121172,3
121220,3
121268,3
121317,4
121365,3
121413,3
121461,1
121510,1
121558,2
121606,2
121654,2
121703,2
121751,2
121799,2
121847,2
121896,2
121944,2
121992,2
122040,2
122089,2
122137,2
122185,2
122233,1
122282,3
122330,3
122378,3
122426,3
122475,3
122523,2
122571,2
122619,3
122668,3
122716,3
122764,3
122812,3
122861,3
122909,3
122957,3
123006,3
123054,3
123102,3
123150,2
123199,2
123247,2
123295,2
123343,2
123392,2
123440,3
123488,3
123537,3
123597,2
123646,1
123694,1
123742,1
123791,2
123839,2
123887,2
123936,2
123984,3
124032,3
124081,4
124129,3
124177,3
124226,3
124274,3
124322,3
124371,3
124419,3
124467,3
124516,2
124564,3
124612,3
124661,2
124709,2
124758,2
124806,3
124854,3
124902,3
124951,2
124999,2
125048,2
125096,2
125144,3
125193,3
125241,3
125289,3
125338,2
125386,2
125434,2
125483,2
125531,2
125579,3
125628,3
125676,3
125725,2
125773,2
125821,2
125870,2
125918,2
125966,2
126015,2
126063,2
126111,3
126160,3
126208,3
126256,2
126305,2
126366,2
126414,2
126462,3
126511,3
126559,2
126607,2
126656,2
126704,2
126752,2
126801,3
126849,3
126897,3
126946,3
126994,3
127042,3
127091,3
127139,3
127187,2
127236,2
127284,2
127332,2
127381,3
127429,3
127477,3
127526,3
127574,3
127622,3
127671,3
127719,2
127767,2
127816,2
127864,1
127912,2
127961,1
128009,2
128057,3
128106,3
128154,3
128202,3
128251,3
128299,2
128347,2
128396,3
128444,4
128492,4
128541,3
128589,2
128637,1
128686,1
128734,3
128782,2
128831,2
128879,2
128927,2
128976,2
129024,3
129072,3
129133,3
129181,3
129230,2
129278,2
129326,2
129375,2
129423,2
129471,2
129520,2
129568,2
129616,1
129665,3
129713,3
129761,3
129810,4
129858,3
129906,3
129955,3
130003,2
130051,2
130100,3
130148,3
130196,3
130245,3
130293,3
130341,3
130390,3
130438,2
130486,2
130535,2
130583,2
130631,2
130680,2
130728,2
130776,2
130825,2
130873,2
130921,3
130969,3
131018,3
131066,3
131114,2
131163,2
131211,2
131259,2
131308,2
131356,2
131404,3
131453,3
131501,3
131549,3
131598,3
131646,4
131694,2
131743,2
131791,1
131839,2
131900,2
131948,2
131997,2
132045,2
132093,1
132142,2
132190,3
132238,3
132287,2
132335,2
132383,2
132432,2
132480,1
132528,2
132577,3
132625,3
132673,4
132722,3
132770,2
132818,2
132867,2
132915,3
132963,2
133012,2
133060,2
133108,2
133157,3
133205,3
133253,2
133302,1
133350,1
133398,2
133447,2
133495,2
133544,2
133592,2
133640,2
133688,2
133737,2
133785,2
133833,2
133882,2
133930,3
133978,3
134027,3
134075,3
134123,2
134172,2
134220,2
134268,2
134317,2
134365,2
134414,3
134462,3
134510,2
134558,1
134607,1
134668,2
134716,2
134764,3
134813,2
134861,2
134909,2
134958,3
135006,3
135054,2
135103,2
135151,2
135199,2
135248,2
135296,3
135345,3
135393,3
135441,3
135489,3
135538,3
135586,3
135634,2
135683,2
135731,2
135779,2
135828,2
135876,3
135924,3
135973,3
136021,3
136070,3
136118,3
136166,3
136214,2
136263,2
136311,2
136360,1
136408,2
136456,2
136505,2
136553,2
136601,2
136649,2
136698,3
136746,3
136794,2
136843,2
136891,2
136940,3
136988,3
137036,3
137085,3
137133,3
137181,3
137230,2
137278,1
137326,1
137375,2
137435,2
137484,3
137532,3
137580,3
137629,3
137677,3
137726,3
137774,2
137822,2
137871,2
137919,2
137967,3
138016,3
138064,3
138113,2
138161,2
138209,2
138258,2
138306,3
138354,3
138403,3
138451,3
138499,3
138548,3
138596,2
138644,2
138693,2
138741,2
138789,2
138838,2
138886,2
138934,2
138983,3
139031,3
139079,2
139128,2
139176,2
139225,3
139273,3
139321,3
139370,2
139418,2
139466,1
139515,2
139563,2
139612,2
139660,1
139708,2
139757,2
139805,2
139853,3
139902,3
139950,3
139998,3
140047,3
140095,3
140143,3
140204,3
140252,3
140301,3
140349,3
140397,2
140446,2
140494,2
140542,2
140590,3
140639,3
140687,3
140735,4
140784,4
140832,4
140880,3
140928,2
140977,2
141025,2
141073,2
141122,2
141170,2
141218,0
141266,0
141315,1
141363,7
141411,8
141459,6
141508,3
141556,4
141604,6
141659,0
141707,8
141755,9
141803,5
141852,1
141900,4
141948,5
141997,0
142045,2
142093,3
142141,4
142190,1
142238,1
142286,4
142335,3
142383,2
142431,3
142479,7
142528,8
142576,2
142624,1
142673,5
142721,4
142769,2
142817,8
142866,9
142914,8
142950,5
142999,0
143047,2
143095,1
143143,0
143192,0
143240,3
143288,4
143336,5
143385,4
143433,3
143481,2
143529,0
143578,2
143626,1
143674,2
143722,7
143770,10
143819,9
143867,5
143915,3
143963,3
144012,4
144060,2
144108,0
144156,0
144205,2
144253,2
144301,3
144349,7
144397,10
144446,9
144494,2
144542,4
144590,3
144639,1
144687,5
144735,9
144783,12
144831,10
144880,5
144928,0
144976,1
145024,1
145073,1
145121,6
145169,9
145217,4
145265,4
145314,8
145362,7
145410,1
145458,2
145507,3
145555,2
145603,1
145664,0
145712,1
145760,5
145809,8
145857,8
145905,5
145953,5
146002,4
146050,0
146098,2
146147,2
146195,1
146243,0
146291,4
146340,7
146388,7
146436,4
146485,0
146533,4
146581,3
146629,1
146678,6
146726,8
146774,5
146823,0
146871,3
146919,2
146967,1
147016,4
147064,3
147112,2
147160,2
147209,4
147257,4
147305,1
147354,1
147402,4
147450,6
147498,5
147547,4
147595,3
147643,4
147691,7
147740,8
147788,7
147836,6
147885,4
147933,0
147981,4
148029,3
148078,1
148126,0
148174,2
148222,6
148271,10
148319,11
148367,7
148428,4
148476,4
148525,3
148573,2
148621,2
148669,2
148718,1
148766,1
148814,3
148863,1
148911,2
148959,5
149007,4
149056,1
149104,2
149152,2
149200,1
149249,1
149297,4
149345,7
149393,5
149442,2
149490,3
149538,6
149587,5
149635,5
149683,4
149731,5
149780,3
149828,2
149876,1
149925,0
149973,0
150021,0
150069,1
150118,1
150166,1
150214,2
150263,4
150311,6
150359,4
150408,5
150456,6
150504,4
150552,0
150601,3
150649,2
150697,1
150746,5
150794,7
150842,4
150890,1
150939,3
150987,4
151035,2
151084,1
151132,0
151168,1
151217,3
151265,5
151313,5
151362,3
151410,2
151458,0
151507,1
151555,0
151603,2
151651,4
151700,5
151748,3
151796,2
151845,3
151893,3
151941,2
151989,2
152038,3
152086,2
152134,1
152183,1
152231,3
152279,3
152327,3
152376,3
152424,3
152472,2
152520,2
152569,2
152617,2
152665,3
152714,3
152762,3
152810,2
152859,2
152907,2
152955,2
153003,3
153052,3
153100,3
153148,2
153196,2
153245,2
153293,3
153341,3
153390,3
153438,3
153486,3
153534,3
153583,3
153631,2
153679,1
153727,2
153776,2
153824,3
153885,3
153933,3
153981,3
154029,2
154078,1
154126,1
154174,1
154222,2
154271,3
154319,3
154367,3
154415,3
154464,3
154512,3
154560,3
154609,3
154657,4
154705,3
154753,4
154802,3
154850,3
154898,3
154946,2
154995,1
155043,1
155091,2
155140,3
155188,2
155236,2
155284,2
155333,2
155381,1
155429,2
155478,3
155526,3
155574,3
155622,4
155671,3
155719,2
155767,2
155816,2
155864,2
155912,2
155960,3
156009,3
156057,2
156105,3
156154,3
156202,3
156250,3
156299,3
156347,2
156395,2
156443,2
156492,3
156540,3
156588,3
156649,2
156697,1
156746,2
156794,2
156842,3
156890,3
156939,3
156987,3
157035,3
157084,3
157132,4
157180,3
157229,2
157277,2
157325,1
157374,1
157422,2
157470,3
157518,3
157567,3
157615,3
157663,2
157712,2
157760,2
157808,2
157856,2
157905,2
157953,2
158001,1
158049,2
158098,2
158146,2
158194,3
158242,2
158291,2
158339,2
158387,2
158436,2
158484,2
158532,2
158580,2
158629,2
158677,3
158725,3
158773,3
158822,3
158870,3
158918,3
158966,2
159015,2
159063,3
159111,3
159159,2
159208,2
159256,2
159304,2
159352,3
159413,3
159461,4
159510,4
159558,2
159606,2
159655,2
159703,2
159751,2
159799,1
159848,1
159896,1
159944,1
159992,1
160041,3
160089,3
160137,3
160186,4
160234,3
160282,3
160330,3
160379,3
160427,3
160475,3
160523,2
160572,2
160620,2
160668,2
160717,2
160765,2
160813,2
160861,2
160910,2
160958,2
161006,3
161054,3
161103,3
161151,2
161199,2
161247,2
161296,2
161344,2
161392,2
161440,2
161489,2
161537,2
161585,3
161634,3
161682,3
161730,3
161779,3
161827,3
161875,3
161924,2
161972,2
162020,2
162068,3
162117,3
162177,2
162226,2
162274,2
162322,2
162370,3
162418,3
162467,3
162515,2
162563,2
162611,3
162660,3
162708,4
162756,3
162804,2
162852,2
162901,1
162949,2
162997,2
163045,1
163093,2
163142,2
163196,3
163244,3
163292,3
163340,3
163389,2
163437,2
163485,3
163533,3
163581,3
163630,3
163678,4
163726,2
163774,2
163823,1
163871,2
163919,2
163967,2
164015,1
164064,2
164112,2
164160,2
164208,2
164256,3
164304,3
164353,2
164401,2
164449,2
164497,2
164545,2
164594,2
164642,2
164690,2
164738,2
164786,3
164835,3
164883,4
164943,3
164992,3
165040,2
165088,2
165136,2
165185,2
165233,2
165281,2
165329,2
165378,2
165426,2
165474,2
165522,1
165571,3
165619,3
165667,3
165715,2
165764,2
165812,2
165860,2
165908,2
165957,2
166005,2
166053,2
166102,2
166150,2
166198,3
166246,3
166295,3
166343,2
166391,2
166439,2
166488,2
166536,2
166584,2
166632,2
166681,2
166729,2
166777,2
166825,3
166874,3
166922,3
166970,3
167019,3
167067,2
167115,2
167163,2
167212,2
167260,3
167308,3
167356,3
167405,3
167453,2
167501,2
167549,2
167598,2
167646,1
167707,2
167755,2
167803,2
167852,2
167900,2
167948,3
167996,3
168045,3
168093,2
168141,2
168190,2
168238,2
168286,3
168335,3
168383,3
168431,3
168480,3
168528,2
168576,2
168625,2
168673,3
168721,3
168770,3
168818,3
168866,3
168914,3
168963,3
169011,2
169059,1
169108,1
169156,2
169204,3
169253,3
169301,3
169349,2
169398,2
169446,2
169494,3
169543,3
169591,3
169639,3
169688,2
169736,2
169784,2
169833,1
169881,2
169929,2
169978,2
170026,2
170074,2
170123,2
170171,2
170219,2
170268,3
170316,3
170364,3
170413,3
170473,3
170522,3
170570,3
170618,2
170667,2
170715,3
170763,3
170812,4
170860,4
170908,4
170957,3
171005,2
171053,2
171102,2
171150,2
171198,2
171247,3
171295,3
171343,3
171392,3
171440,3
171488,3
171537,2
171585,2
171633,2
171682,2
171730,2
171778,2
171827,3
171875,3
171923,2
171972,2
172020,2
172069,3
172117,3
172165,3
172214,2
172262,2
172310,2
172359,2
172407,2
172455,2
172504,2
172552,2
172600,2
172649,2
172697,2
172746,2
172794,3
172842,2
172891,2
172939,2
172987,2
173036,2
173084,2
173132,3
173180,3
173241,3
173290,3
173338,2
173386,3
173435,3
173483,3
173531,3
173580,2
173628,2
173676,2
173725,3
173773,3
173821,3
173870,3
173918,3
173966,3
174015,2
174063,1
174111,2
174160,1
174208,1
174257,2
174305,3
174353,3
174402,2
174450,2
174498,2
174547,3
174595,3
174643,3
174692,2
174740,2
174788,2
174837,2
174885,2
174934,2
174982,2
175030,2
175079,2
175127,2
175175,3
175224,3
175272,3
175320,3
175369,3
175417,3
175465,3
175514,2
175562,2
175611,3
175659,3
175707,2
175755,2
175804,3
175852,3
175901,2
175949,2
175986,3
176034,3
176082,3
176131,3
176179,3
176227,2
176276,2
176324,2
176372,2
176421,3
176469,3
176517,3
176566,3
176614,2
176663,2
176711,1
176759,2
176808,2
176856,2
176904,3
176953,3
177001,2
177049,2
177098,2
177146,3
177195,3
177243,3
177291,2
177340,3
177388,3
177436,3
177485,3
177533,3
177581,2
177630,2
177678,2
177726,2
177775,2
177823,2
177871,2
177920,2
177968,2
178016,2
178065,2
178113,2
178161,2
178210,2
178258,2
178306,2
178355,3
178403,3
178451,3
178500,3
178548,3
178596,3
178645,3
178706,2
178754,2
178802,2
178851,3
178899,3
178947,3
178996,3
179044,3
179092,3
179141,3
179189,2
179237,2
179286,1
179334,1
179382,2
179431,2
179479,2
179527,3
179576,3
179624,3
179672,3
179721,2
179769,1
179817,2
179866,2
179914,2
179962,2
180011,2
180059,2
180107,2
180156,3
180204,3
180253,3
180301,3
180349,3
180398,3
180446,3
180494,3
180543,3
180591,2
180640,2
180688,2
180736,2
180785,1
180833,1
180881,2
180930,2
180978,2
181026,3
181075,3
181123,3
181171,3
181220,2
181268,2
181317,2
181365,2
181413,3
181474,2
181523,2
181571,1
181619,2
181668,2
181716,3
181764,3
181813,4
181861,3
181909,2
181958,1
182006,2
182054,3
182103,4
182151,3
182199,4
182248,3
182296,3
182344,3
182393,2
182441,2
182489,2
182538,2
182586,2
182635,3
182683,2
182731,2
182780,2
182828,2
182876,2
182925,2
182973,3
183021,3
183070,3
183118,3
183166,2
183215,2
183263,2
183311,2
183360,2
183408,2
183456,2
183505,2
183553,2
183601,2
183650,3
183698,3
183746,2
183795,2
183843,2
183891,3
183940,3
183988,2
184037,2
184085,3
184133,3
184182,2
184242,1
184291,1
184339,1
184387,2
184436,3
184484,3
184532,3
184580,3
184629,3
184677,3
184731,3
184779,3
184828,3
184876,4
184924,2
184973,2
185021,3
185069,3
185117,3
185166,3
185214,3
185262,3
185311,3
185359,2
185407,2
185455,2
185504,3
185552,3
185600,3
185648,2
185697,1
185745,2
185793,2
185841,2
185890,2
185938,2
185986,2
186035,1
186083,2
186131,2
186180,2
186228,2
186276,3
186324,3
186373,3
186421,4
186469,3
186517,3
186566,3
186614,3
186662,3
186711,3
186759,2
186807,3
186855,3
186904,3
186952,3
187049,3
187097,3
187146,3
187194,3
187242,2
187290,2
187339,3
187387,3
187435,3
187484,2
187532,2
187580,2
187628,2
187677,2
187725,3
187773,3
187821,3
187870,2
187918,3
187966,3
188015,3
188063,3
188111,3
188159,2
188208,2
188256,2
188304,3
188352,3
188401,3
188449,2
188497,2
188546,3
188594,3
188642,3
188690,2
188739,2
188787,2
188835,2
188883,2
188932,3
188980,3
189028,3
189076,3
189125,3
189173,3
189221,3
189270,2
189318,1
189366,1
189414,1
189463,3
189511,3
189559,3
189607,3
189656,3
189704,4
189752,3
189813,3
189861,3
189909,2
189958,2
190006,2
190054,2
190103,2
190151,1
190199,2
190248,2
190296,3
190344,2
190393,2
190441,2
190489,2
190538,2
190586,2
190634,3
190683,3
190731,3
190779,2
190828,2
190876,2
190924,3
190973,3
191021,3
191070,2
191118,2
191166,2
191215,2
191263,1
191311,2
191360,2
191408,2
191456,2
191505,2
191553,2
191601,3
191650,2
191698,2
191746,2
191795,2
191843,3
191891,3
191940,3
191988,2
192036,1
192085,1
192133,2
192181,3
192230,4
192278,3
192326,3
192375,3
192423,2
192471,2
192520,2
192581,2
192629,2
192677,2
192726,2
192774,2
192822,2
192871,2
192919,2
192967,2
193016,2
193064,2
193112,3
193161,3
193209,3
193257,3
193306,2
193354,3
193402,3
193451,2
193499,2
193547,3
193596,2
193644,2
193692,2
193741,2
193789,2
193837,2
193886,2
193934,2
193982,3
194031,3
194079,2
194127,2
194176,2
194224,2
194272,2
194321,2
194369,2
194417,2
194465,2
194514,2
194562,2
194610,2
194659,2
194707,2
194755,2
194804,2
194852,2
194900,2
194949,2
194997,2
195045,2
195094,2
195142,2
195190,2
195239,2
195287,3
195348,2
195396,2
195444,2
195493,2
195541,2
195589,3
195638,3
195686,2
195734,1
195783,1
195831,2
195879,3
195928,4
195976,3
196024,3
196073,3
196121,3
196169,3
196218,3
196266,3
196314,3
196362,2
196411,2
196459,1
196507,2
196556,2
196604,2
196652,2
196701,2
196749,2
196797,2
196846,2
196894,3
196942,3
196991,3
197039,3
197087,2
197136,2
197184,2
197233,2
197281,2
197329,2
197377,2
197426,3
197474,3
197522,3
197571,2
197619,2
197667,2
197716,2
197764,3
197812,3
197861,3
197909,3
197957,3
198006,3
198054,3
198115,3
198163,2
198212,2
198260,2
198308,2
198357,3
198405,3
198453,2
198502,2
198550,3
198598,2
198647,2
198695,2
198743,2
198792,2
198840,1
198888,2
198937,3
198985,3
199033,4
199082,3
199130,3
199178,3
199227,3
199275,3
199323,3
199372,3
199420,3
199468,3
199517,2
199565,2
199613,2
199662,1
199710,2
199759,3
199807,4
199855,4
199903,3
199952,2
200000,2
200048,2
200097,2
200145,2
200193,1
200242,1
200290,1
200338,2
200387,3
200435,3
200483,3
200532,3
200580,2
200628,2
200677,2
200725,3
200773,1
200822,1
200858,1
200907,2
200955,6
201003,9
201052,10
201100,9
201148,3
201197,1
201245,0
201293,0
201342,3
201390,2
201438,0
201486,1
201535,2
201583,5
201631,6
201680,7
201728,5
201776,1
201825,2
201873,0
201921,1
201970,2
202018,5
202066,6
202115,4
202163,5
202211,4
202260,5
202308,5
202356,1
202405,5
202453,7
202501,3
202550,2
202598,1
202646,6
202695,6
202743,5
202791,16
202840,18
202888,11
202936,7
202985,0
203033,6
203081,3
203130,4
203178,8
203226,5
203275,0
203323,1
203371,8
203420,8
203468,4
203516,4
203577,4
203625,3
203673,0
203722,1
203770,0
203818,0
203867,0
203915,2
203963,5
204012,2
204060,2
204108,4
204156,4
204205,3
204253,2
204301,5
204350,9
204398,6
204446,2
204495,6
204543,9
204591,11
204640,11
204688,6
204736,0
204785,0
204833,4
204881,6
204930,3
204978,5
205026,14
205075,12
205123,8
205171,8
205220,0
205268,8
205316,10
205365,7
205413,7
205461,10
205510,14
205558,16
205606,12
205655,8
205703,9
205751,6
205799,2
205848,1
205896,0
205944,1
205993,2
206041,0
206089,4
206138,6
206186,8
206240,4
206301,1
206349,1
206397,8
206446,5
206494,3
206542,10
206590,12
206639,12
206687,13
206735,10
206783,0
206832,10
206880,11
206928,2
206976,3
207025,5
207073,6
207121,5
207170,4
207218,5
207266,6
207314,4
207363,1
207411,3
207459,6
207507,4
207556,1
207604,2
207652,7
207700,5
207749,2
207797,1
207845,1
207893,1
207942,5
207990,5
208038,1
208086,3
208135,0
208183,4
208231,3
208279,0
208328,2
208376,1
208424,10
208472,13
208521,12
208569,6
208617,0
208665,0
208714,0
208762,0
208810,1
208858,2
208906,7
208955,9
209015,7
209064,5
209112,6
209160,3
209208,3
209256,8
209304,3
209353,7
209401,8
209449,5
209497,4
209545,4
209593,4
209642,3
209690,2
209738,2
209786,1
209834,1
209883,4
209931,6
209979,3
210027,1
210075,4
210123,4
210172,0
210220,6
210268,8
210316,3
210364,4
210413,9
210461,5
210509,0
210557,2
210605,3
210654,6
210702,5
210750,0
210798,0
210846,1
210895,5
210943,8
210991,7
211039,6
211087,7
211136,6
211184,6
211232,3
211280,1
211328,2
211377,3
211425,4
211473,4
211521,2
211569,2
211618,2
211666,2
211714,1
211750,0
211799,0
211847,0
211895,1
211944,2
211992,3
212040,4
212088,4
212137,3
212185,3
212233,3
212281,3
212330,3
212378,2
212426,2
212474,1
212523,1
212571,1
212619,3
212667,4
212716,3
212764,3
212812,3
212861,2
212909,2
212957,2
213005,2
213054,3
213102,3
213150,2
213198,2
213247,2
213295,2
213343,2
213391,2
213440,2
213488,2
213536,2
213585,2
213633,2
213681,2
213729,2
213778,2
213826,3
213874,3
213922,3
213971,3
214019,3
214067,3
214115,3
214164,3
214212,2
214260,2
214309,2
214357,2
214405,2
214466,1
214514,1
214562,2
214611,3
214659,3
214707,3
214755,3
214804,3
214852,3
214900,3
214948,3
214997,3
215045,2
215093,2
215141,2
215190,2
215238,2
215286,2
215334,2
215383,2
215431,2
215479,2
215527,2
215576,3
215624,3
215672,3
215721,2
215769,2
215817,2
215865,2
215914,2
215962,2
216010,1
216058,2
216107,2
216155,3
216203,3
216251,3
216300,3
216348,3
216396,4
216444,3
216493,4
216541,4
216589,3
216638,3
216686,2
216734,1
216782,2
216830,2
216879,2
216927,3
216975,3
217023,2
217072,2
217120,2
217168,2
217229,2
217277,3
217325,3
217373,3
217422,3
217470,3
217518,3
217566,3
217615,2
217663,2
217711,2
217759,2
217808,2
217856,2
217904,2
217952,2
218001,2
218049,2
218097,3
218145,3
218194,3
218242,3
218290,2
218338,2
218387,2
218435,1
218483,1
218531,2
218580,3
218628,4
218676,3
218725,3
218773,2
218821,1
218869,2
218918,3
218966,3
219014,4
219062,3
219111,4
219159,4
219207,4
219255,3
219304,3
219352,3
219400,3
219448,2
219497,2
219545,2
219593,2
219641,2
219690,2
219738,1
219786,2
219834,2
219883,3
219931,3
219992,3
220040,3
220088,3
220136,1
220185,1
220233,1
220281,2
220329,2
220377,2
220426,2
220474,2
220522,2
220570,3
220619,3
220667,2
220715,1
220763,1
220812,2
220860,2
220908,0
220956,0
221004,1
221053,3
221101,4
221149,4
221197,4
221246,4
221294,3
221342,3
221390,3
221439,3
221487,3
221535,3
221583,3
221632,3
221680,3
221728,4
221776,4
221825,4
221873,3
221921,2
221969,1
222018,1
222066,2
222114,2
222162,1
222211,1
222259,2
222307,2
222355,2
222404,2
222452,2
222500,1
222548,2
222597,2
222645,3
222693,3
222754,4
222802,4
222850,3
222899,3
222947,2
222995,0
223043,0
223092,3
223140,3
223188,4
223236,5
223285,4
223333,2
223381,1
223429,2
223478,3
223526,3
223574,3
223622,2
223671,2
223719,2
223767,2
223815,2
223864,1
223912,2
223960,3
224008,3
224057,2
224105,1
224153,0
224202,1
224250,1
224298,1
224346,2
224395,2
224443,2
224491,3
224540,4
224588,5
224636,4
224684,3
224733,3
224781,3
224829,3
224878,3
224926,1
224974,0
225022,1
225071,2
225119,3
225167,3
225216,3
225264,3
225312,3
225360,3
225409,4
225457,3
225518,4
225566,4
225614,4
225662,2
225711,2
225759,2
225807,2
225856,2
225904,1
225952,1
226000,2
226049,2
226097,2
226145,2
226194,3
226242,3
226290,3
226338,3
226387,3
226435,3
226483,3
226532,2
226580,2
226628,2
226676,3
226725,3
226773,2
226821,2
226870,2
226918,2
226966,1
227014,2
227063,2
227111,2
227159,2
227208,3
227256,3
227304,1
227352,1
227401,2
227449,4
227497,5
227546,5
227594,3
227642,2
227690,0
227745,0
227793,0
227841,3
227890,4
227938,4
227986,4
228034,2
228083,2
228131,2
228179,2
228228,3
228288,3
228336,3
228385,4
228433,4
228481,3
228529,2
228578,2
228626,2
228674,2
228722,2
228770,3
228819,3
228867,3
228915,3
228963,3
229012,2
229060,2
229108,1
229156,2
229204,2
229253,2
229301,2
229349,1
229397,0
229445,3
229494,3
229542,3
229590,3
229638,3
229686,3
229735,3
229783,2
229831,2
229879,2
229927,2
229976,3
230024,4
230072,3
230120,2
230168,2
230217,2
230265,2
230313,3
230361,3
230409,3
230458,2
230506,2
230554,2
230602,2
230651,2
230699,3
230747,3
230795,3
230843,3
230892,3
230940,2
230988,2
231048,3
231097,2
231145,2
231193,2
231242,2
231290,2
231338,3
231386,3
231435,2
231483,2
231531,3
231579,3
231628,3
231676,3
231724,3
231772,2
231821,2
231869,3
231917,3
231965,3
232014,3
232062,3
232110,3
232159,2
232207,2
232255,2
232303,2
232352,2
232400,2
232448,2
232496,3
232545,3
232593,2
232641,2
232689,2
232738,3
232786,3
232834,3
232882,3
232931,3
232979,3
233027,3
233075,3
233124,3
233172,3
233220,2
233268,2
233317,2
233365,2
233413,2
233461,1
233510,0
233558,1
233606,2
233654,2
233703,2
233751,2
233812,2
233860,2
233908,2
233957,3
234005,3
234053,4
234102,4
234150,3
234198,2
234247,2
234295,2
234343,2
234392,2
234440,1
234488,1
234537,3
234585,3
234633,2
234682,2
234730,3
234778,3
234827,4
234875,5
234923,3
234972,2
235020,2
235068,1
235117,1
235165,2
235213,2
235262,1
235310,1
235358,2
235407,2
235455,1
235503,3
235552,3
235600,3
235648,3
235697,3
235745,3
235793,2
235842,2
235890,3
235938,3
235986,4
236035,4
236083,3
236131,2
236180,3
236228,3
236276,3
236325,3
236373,4
236421,3
236470,2
236518,1
236555,1
236603,2
236651,2
236700,2
236748,2
236796,2
236845,2
236893,2
236941,1
236990,1
237038,1
237086,2
237135,3
237183,4
237231,4
237280,4
237328,3
237376,3
237425,2
237473,2
237521,3
237570,3
237618,3
237666,3
237715,2
237763,2
237811,2
237860,2
237908,2
237956,2
238005,2
238053,2
238101,1
238150,2
238198,3
238246,4
238294,3
238343,3
238391,2
238440,2
238488,2
238536,2
238584,3
238633,3
238681,4
238729,4
238778,2
238826,2
238874,2
238923,2
238971,2
239019,2
239068,2
239116,1
239164,1
239213,2
239273,2
239322,2
239370,3
239419,3
239467,3
239515,3
239564,2
239612,2
239660,3
239709,2
239757,0
239805,1
239854,2
239902,3
239950,3
239999,3
240047,3
240095,3
240144,4
240192,4
240240,3
240289,2
240337,2
240385,3
240434,3
240482,3
240530,4
240579,3
240627,1
240675,2
240724,3
240772,2
240820,2
240869,2
240917,2
240966,2
241014,1
241062,2
241111,2
241159,1
241207,0
241256,1
241304,1
241352,2
241401,3
241449,2
241497,3
241546,3
241594,4
241642,4
241691,3
241739,3
241787,3
241836,4
241884,3
241932,3
241981,3
242041,3
242090,3
242138,3
242186,3
242235,2
242283,2
242331,2
242380,2
242428,3
242476,3
242525,3
242573,3
242621,3
242670,2
242718,2
242766,2
242815,2
242863,2
242911,3
242960,3
243008,3
243057,3
243105,3
243153,3
243202,3
243250,3
243298,2
243347,0
243395,1
243443,1
243492,1
243540,0
243588,1
243636,2
243685,2
243733,2
243781,3
243830,4
243878,4
243926,3
243975,3
244023,3
244071,3
244120,3
244168,3
244216,3
244265,3
244313,3
244361,3
244410,3
244458,3
244506,3
244555,3
244603,3
244651,2
244700,2
244748,3
244809,3
244857,2
244906,2
244954,2
245002,3
245051,3
245099,3
245147,3
245196,2
245244,2
245292,3
245341,3
245389,2
245437,2
245486,2
245534,1
245582,1
245631,2
245679,2
245727,2
245776,2
245824,3
245872,3
245921,3
245969,3
246017,2
246066,2
246114,2
246162,3
246211,3
246259,3
246307,2
246356,3
246404,3
246452,3
246501,3
246549,2
246597,2
246646,2
246694,2
246742,2
246791,2
246839,3
246887,4
246936,4
246984,3
247032,1
247081,0
247129,0
247177,1
247226,3
247274,4
247322,3
247371,2
247419,1
247467,2
247516,3
247576,2
247625,1
247673,1
247721,3
247770,4
247818,4
247867,4
247915,3
247963,3
248012,3
248060,3
248108,3
248157,2
248205,2
248253,2
248302,3
248350,2
248398,0
248447,0
248495,3
248543,4
248592,3
248640,3
248688,4
248737,4
248785,4
248833,3
248882,2
248930,2
248978,2
249027,2
249075,3
249123,3
249172,4
249220,4
249274,3
249322,3
249371,2
249419,1
249467,0
249516,0
249564,1
249612,1
249661,0
249709,0
249757,0
249806,3
249854,4
249902,4
249951,3
249999,3
250047,3
250096,3
250144,2
250192,2
250241,2
250289,2
250350,2
250398,3
250446,4
250494,4
250543,4
250591,3
250639,2
250688,2
250736,2
250784,1
250832,1
250881,2
250929,3
250977,3
251025,3
251074,3
251122,3
251170,4
251218,4
251267,3
251315,2
251363,2
251411,3
251460,2
251508,2
251556,2
251604,2
251653,3
251701,3
251749,3
251798,1
251846,1
251894,1
251942,1
251991,1
252039,2
252087,3
252135,3
252184,3
252232,3
252280,3
252328,2
252377,2
252425,2
252473,3
252522,3
252570,2
252618,3
252666,3
252715,2
252763,2
252811,2
252859,2
252908,2
252956,2
253004,2
253052,2
253113,2
253161,2
253210,2
253258,2
253306,3
253354,3
253402,3
253450,3
253499,3
253547,3
253595,3
253643,2
253692,2
253740,2
253788,3
253836,3
253884,4
253933,4
253981,2
254029,2
254077,2
254125,3
254174,4
254222,3
254270,2
254318,2
254366,2
254415,2
254463,2
254511,2
254559,3
254607,3
254656,3
254704,2
254752,2
254800,1
254848,1
254897,1
254945,2
254993,2
255041,2
255089,3
255138,3
255186,3
255234,4
255282,4
255331,2
255379,2
255427,2
255475,2
255523,2
255572,2
255620,2
255668,3
255716,3
255764,2
255813,2
255873,1
255922,0
255970,2
256018,2
256066,3
256115,3
256163,3
256211,3
256260,2
256308,2
256356,3
256404,3
256453,2
256501,2
256549,3
256597,3
256646,4
256694,4
256742,3
256791,3
256839,2
256887,2
256935,2
256984,2
257032,3
257080,3
257128,2
257177,2
257225,2
257273,2
257321,2
257370,2
257418,1
257466,1
257514,3
257563,3
257611,3
257659,3
257708,3
257756,4
257804,4
257852,3
257901,3
257949,3
257997,2
258045,2
258094,2
258142,2
258190,2
258238,2
258287,1
258335,1
258383,2
258431,3
258480,4
258528,2
258576,1
258637,2
258685,2
258733,2
258782,2
258830,3
258878,3
258926,2
258975,2
259023,2
259071,2
259119,2
259168,2
259216,1
259264,3
259313,3
259361,3
259409,3
259457,2
259506,2
259554,1
259602,1
259650,3
259699,4
259747,3
259795,2
259843,2
259892,3
259940,4
259988,4
260037,4
260085,3
260133,3
260181,2
260230,1
260278,1
260326,2
260375,3
260423,4
260471,4
260519,4
260568,3
260616,2
260664,2
260712,4
260761,5
260809,4
260857,3
260906,0
260954,2
261002,2
261050,8
261099,10
261147,9
261195,7
261243,6
261292,0
261352,0
261401,4
261449,6
261497,12
261545,16
261594,9
261642,1
261690,7
261738,15
261787,16
261835,14
261883,7
261931,0
261980,0
262028,1
262076,1
262124,3
262173,5
262221,6
262269,2
262317,2
262366,2
262414,1
262462,2
262510,1
262559,0
262607,2
262655,7
262703,13
262752,19
262800,20
262848,7
262896,5
262945,7
262993,1
263041,5
263089,11
263138,14
263186,3
263234,11
263282,7
263331,3
263379,7
263427,9
263475,5
263524,5
263572,3
263620,4
263668,8
263717,5
263765,3
263813,3
263861,2
263910,2
263958,1
264006,2
264067,4
264115,8
264163,11
264212,11
264260,7
264308,2
264356,0
264405,1
264453,7
264501,7
264549,2
264598,0
264646,5
264694,8
264742,0
264791,9
264839,13
264887,11
264936,7
264984,7
265032,12
265080,14
265129,13
265177,11
265225,7
265273,3
265322,9
265370,7
265418,3
265467,0
265515,3
265563,0
265611,7
265660,6
265708,2
265756,12
265804,13
265853,13
265901,13
265949,7
265997,0
266046,3
266094,2
266142,6
266190,5
266239,3
266287,1
266335,8
266383,7
266432,3
266480,0
266528,6
266576,7
266625,3
266673,5
266721,13
266782,14
266830,2
266878,11
266927,19
266975,15
267023,6
267071,2
267120,7
267168,15
267216,16
267265,10
267313,3
267361,0
267410,1
267458,0
267506,2
267554,0
267603,2
267651,1
267699,2
267747,0
267796,1
267844,3
267892,0
267941,4
267989,4
268037,0
268085,0
268134,2
268182,6
268230,9
268278,10
268327,3
268375,4
268423,6
268472,4
268520,1
268568,5
268616,11
268665,14
268713,11
268761,5
268809,3
268858,5
268906,5
268954,15
269002,9
269051,0
269099,4
269147,2
269196,1
269244,5
269292,7
269341,7
269389,6
269450,7
269498,8
269546,5
269594,0
269643,3
269691,2
269739,0
269788,3
269836,5
269884,7
269932,5
269981,6
270029,10
270077,9
270125,5
270174,0
270222,4
270270,2
270318,0
270367,0
270415,4
270463,5
270512,1
270560,7
270608,13
270657,9
270705,0
270753,4
270807,6
270856,6
270904,2
270952,3
271001,4
271049,7
271097,9
271146,4
271194,0
271242,0
271290,1
271339,1
271387,1
271435,0
271484,1
271532,0
271580,1
271629,1
271677,3
271725,4
271773,5
271822,5
271870,6
271918,6
271967,5
272015,4
272063,3
272111,3
272160,3
272220,2
272268,1
272317,1
272365,1
272413,1
272461,1
272510,3
272558,4
272606,4
272654,4
272702,5
272751,4
272799,4
272847,3
272895,2
272943,3
272992,2
273040,1
273088,1
273136,1
273184,2
273233,3
273281,3
273329,3
273377,4
273426,4
273474,4
273522,5
273570,4
273619,4
273667,3
273715,2
273763,1
273812,0
273860,0
273908,0
273956,0
274004,2
274053,2
274101,3
274149,3
274197,2
274246,3
274294,3
274342,4
274390,3
274439,3
274487,3
274535,3
274583,2
274631,1
274680,1
274728,1
274776,2
274824,2
274872,3
274921,3
274981,3
275029,3
275078,3
275126,4
275174,4
275223,3
275271,3
275319,3
275367,3
275416,2
275464,1
275512,2
275560,2
275609,2
275657,2
275705,2
275753,2
275802,2
275850,3
275898,4
275947,4
275995,4
276043,2
276091,1
276140,2
276188,2
276236,2
276285,2
276333,2
276381,2
276429,2
276478,2
276526,3
276574,3
276623,3
276671,3
276719,3
276767,3
276816,2
276864,2
276912,2
276961,2
277009,2
277057,2
277105,1
277154,2
277202,3
277250,3
277299,4
277347,3
277395,3
277443,4
277492,3
277540,3
277588,3
277637,2
277685,2
277721,2
277770,2
277818,2
277867,2
277915,3
277963,3
278012,2
278060,2
278108,2
278157,2
278205,2
278253,2
278302,2
278350,2
278399,2
278447,2
278495,2
278544,2
278592,2
278640,2
278689,2
278737,3
278785,4
278834,3
278882,3
278930,3
278979,2
279027,2
279075,2
279124,2
279172,2
279220,2
279269,2
279317,2
279365,2
279414,2
279462,2
279510,2
279559,2
279607,3
279655,3
279704,3
279752,3
279800,2
279849,2
279897,1
279945,1
279994,2
280042,3
280091,3
280139,3
280187,3
280236,3
280284,3
280332,4
280381,2
280441,1
280490,2
280538,2
280587,2
280635,2
280683,2
280732,2
280780,1
280828,2
280877,2
280925,2
280973,2
281022,3
281070,3
281118,3
281167,3
281215,3
281263,3
281312,4
281360,3
281408,3
281457,2
281505,1
281554,1
281602,1
281650,2
281699,2
281747,2
281795,2
281844,2
281892,3
281940,3
281989,4
282037,3
282085,3
282134,3
282182,2
282230,2
282279,2
282327,2
282376,2
282424,1
282472,1
282520,3
282569,3
282617,4
282665,3
282714,4
282762,4
282810,2
282859,1
282907,2
282955,2
283004,2
283052,2
283100,2
283149,1
283209,2
283258,2
283306,3
283354,3
283403,3
283451,4
283499,4
283548,3
283596,3
283644,3
283693,3
283741,3
283789,3
283838,3
283886,2
283934,2
283983,2
284031,2
284079,2
284128,2
284176,2
284224,2
284273,3
284321,3
284369,4
284418,3
284466,3
284514,2
284563,3
284611,3
284659,2
284708,1
284756,1
284804,1
284853,2
284901,2
284949,3
284998,3
285046,3
285095,4
285143,4
285191,3
285240,4
285288,4
285336,4
285385,2
285433,1
285481,2
285529,2
285578,2
285626,2
285675,2
285723,2
285771,2
285819,2
285868,2
285916,2
285977,3
286025,3
286074,4
286122,4
286170,2
286218,2
286267,2
286315,2
286363,1
286412,2
286460,2
286508,2
286557,2
286605,2
286653,2
286702,2
286750,2
286798,2
286847,2
286895,2
286943,3
286992,2
287040,2
287088,2
287137,2
287185,2
287233,2
287282,2
287330,2
287378,2
287427,2
287475,3
287523,3
287572,3
287620,3
287668,3
287717,3
287765,3
287813,3
287862,3
287910,3
287958,3
288007,3
288055,3
288103,2
288152,2
288200,2
288248,3
288297,2
288345,2
288393,2
288442,3
288490,3
288538,3
288587,2
288635,2
288683,1
288744,2
288792,2
288841,2
288889,2
288937,2
288986,2
289034,2
289082,2
289131,2
289179,2
289227,3
289276,4
289324,3
289372,3
289421,3
289469,2
289517,2
289566,2
289614,2
289662,3
289711,2
289759,2
289807,3
289856,3
289904,3
289952,3
290001,2
290049,2
290097,1
290146,1
290194,2
290242,2
290291,2
290339,2
290387,2
290436,3
290484,3
290532,3
290581,3
290629,2
290677,2
290726,2
290774,2
290822,2
290871,2
290919,3
290967,3
291016,3
291064,3
291112,3
291161,3
291209,2
291257,3
291306,3
291354,2
291402,2
291451,2
291511,3
291560,3
291608,3
291656,3
291705,3
291753,2
291801,1
291850,1
291898,2
291946,2
291995,3
292043,3
292091,3
292140,3
292188,3
292236,3
292285,3
292339,3
292388,2
292436,2
292484,2
292533,3
292581,3
292629,2
292678,2
292726,2
292774,2
292823,3
292871,3
292919,3
292968,3
293016,3
293064,3
293113,2
293161,2
293209,2
293258,2
293306,2
293354,2
293403,3
293451,2
293499,2
293548,2
293596,3
293644,3
293693,3
293741,3
293789,4
293838,3
293886,3
293934,2
293983,2
294031,1
294079,1
294128,2
294176,1
294224,1
294285,2
294333,2
294381,2
294430,2
294478,2
294526,2
294574,3
294623,3
294671,3
294719,3
294768,2
294816,2
294864,2
294912,2
294961,2
295009,2
295057,2
295105,2
295154,2
295202,2
295250,2
295298,3
295347,3
295395,3
295443,4
295491,3
295540,3
295588,3
295636,3
295684,3
295733,3
295781,3
295829,3
295877,2
295926,1
295974,2
296022,1
296070,1
296119,2
296167,3
296215,3
296263,3
296312,3
296360,3
296408,2
296456,2
296505,1
296553,1
296601,2
296649,2
296698,2
296746,2
296794,3
296842,3
296891,3
296939,3
296987,4
297048,3
297096,3
297144,3
297192,2
297240,2
297289,2
297337,2
297385,2
297433,1
297481,2
297530,2
297578,2
297626,3
297674,3
297722,3
297770,3
297819,2
297867,2
297915,2
297963,2
298012,2
298060,2
298108,2
298156,2
298204,2
298253,2
298301,1
298349,2
298397,2
298445,3
298493,4
298542,4
298590,2
298638,2
298686,2
298734,2
298782,3
298831,3
298879,3
298927,3
298975,2
299024,1
299072,1
299120,1
299168,2
299216,3
299264,2
299313,2
299361,2
299409,3
299457,2
299505,2
299554,2
299602,2
299650,2
299698,2
299746,3
299807,3
299855,3
299903,3
299952,3
300000,3
300048,3
